multi_pivot_2_blocked_mo_5_equal_thousand	constant                	0	int	1024	2.696	0	32768
multi_pivot_2_blocked_mo_5_equal_thousand	constant                	0	int	2048	1.853	0	16384
multi_pivot_2_blocked_mo_5_equal_thousand	constant                	0	int	4096	1.685	0	8192
multi_pivot_2_blocked_mo_5_equal_thousand	constant                	0	int	8192	1.384	0	4096
multi_pivot_2_blocked_mo_5_equal_thousand	constant                	0	int	16384	1.309	0	2048
multi_pivot_2_blocked_mo_5_equal_thousand	constant                	0	int	32768	1.275	0	1024
multi_pivot_2_blocked_mo_5_equal_thousand	constant                	0	int	65536	1.266	0	512
multi_pivot_2_blocked_mo_5_equal_thousand	constant                	0	int	131072	1.245	0	256
multi_pivot_2_blocked_mo_5_equal_thousand	constant                	0	int	262144	1.242	0	128
multi_pivot_2_blocked_mo_5_equal_thousand	constant                	0	int	524288	1.226	0	64
multi_pivot_2_blocked_mo_5_equal_thousand	constant                	0	int	1048576	1.216	0	32
multi_pivot_2_blocked_mo_5_equal_thousand	constant                	0	int	2097152	1.213	0	16
multi_pivot_2_blocked_mo_5_equal_thousand	constant                	0	int	4194304	1.216	0	8
multi_pivot_2_blocked_mo_5_equal_thousand	constant                	0	int	8388608	1.216	0	4
multi_pivot_2_blocked_mo_5_equal_thousand	constant                	0	int	16777216	1.216	0	2
multi_pivot_2_blocked_mo_5_equal_thousand	sawtooth                 	sqrt(N)	int	1024	13.35	0	32768
multi_pivot_2_blocked_mo_5_equal_thousand	sawtooth                 	sqrt(N)	int	2048	12.64	0	16384
multi_pivot_2_blocked_mo_5_equal_thousand	sawtooth                 	sqrt(N)	int	4096	16.07	0	8192
multi_pivot_2_blocked_mo_5_equal_thousand	sawtooth                 	sqrt(N)	int	8192	21.41	0	4096
multi_pivot_2_blocked_mo_5_equal_thousand	sawtooth                 	sqrt(N)	int	32768	25.83	0	1024
